Photo Name,Quality Parameter,Original Size (KB),QJPEG Size (KB),CV2 Size (KB),Time QFT (s),Time DCT (s),QFT Compression,JPEG Compression,Size differential
Blue Marble,0,177716.01,4303.63,3855.14,1247.5182,2.415,0.024216333,0.021692699,448.49
Blue Marble,5,177716.01,4688.58,4231.9,1193.1797,2.3791,0.026382429,0.023812711,456.68
Blue Marble,10,177716.01,5708.44,5222.58,1087.5494,2.4122,0.032121135,0.029387223,485.86
Blue Marble,15,177716.01,6751.51,6228.78,1081.0061,2.4053,0.037990443,0.035049065,522.73
Blue Marble,20,177716.01,7735.37,7158.45,1082.1826,2.4304,0.043526579,0.040280276,576.92
Blue Marble,25,177716.01,8673.99,8033.95,1074.1394,2.3696,0.048808152,0.045206676,640.04
Blue Marble,30,177716.01,9546.55,8840.34,1077.0487,2.3839,0.053718008,0.049744196,706.21
Blue Marble,35,177716.01,10383.13,9611.73,1080.122,2.2243,0.058425406,0.054084773,771.4
Blue Marble,40,177716.01,11098.08,10243.6,1083.8811,2.3311,0.062448397,0.057640277,854.48
Blue Marble,45,177716.01,11898.83,10955.28,1088.566,2.5147,0.066954182,0.061644868,943.55
Blue Marble,50,177716.01,12602.11,11582.32,1099.7258,2.6136,0.070911507,0.065173194,1019.79
Blue Marble,55,177716.01,13303.08,12213.07,1155.9112,2.8961,0.074855833,0.068722396,1090.01
Blue Marble,60,177716.01,14216.14,13012.95,1203.1103,2.4553,0.079993581,0.073223285,1203.19
Blue Marble,65,177716.01,15340.71,13982.93,1215.808,2.4592,0.086321486,0.078681319,1357.78
Blue Marble,70,177716.01,16728.33,15206.37,1108.5581,2.479,0.094129561,0.08556556,1521.96
Blue Marble,75,177716.01,18266.02,16582.54,1111.5966,2.3077,0.102782073,0.093309207,1683.48
Blue Marble,80,177716.01,20676.28,18746.99,1124.0531,2.5254,0.116344498,0.10548847,1929.29
Blue Marble,85,177716.01,24141.11,21861.33,1146.3145,2.5001,0.135840941,0.123012721,2279.78
Blue Marble,90,177716.01,30194.7,27287.43,1155.548,2.5443,0.16990422,0.153545142,2907.27
Blue Marble,95,177716.01,43187,39363.54,1188.2609,2.37,0.243011308,0.22149687,3823.46
Blue Marble,100,177716.01,74650.69,77502.03,1369.5267,2.815,0.420056077,0.436100439,-2851.34
DNA,0,51.7,16.67,15.44,4.0388,0.004,0.322437137,0.298646035,1.23
DNA,5,51.7,19.03,17.4,4.0224,0.004,0.368085106,0.33655706,1.63
DNA,10,51.7,22.99,21.06,4.5717,0.004,0.444680851,0.407350097,1.93
DNA,15,51.7,26.73,24.22,3.9219,0.003,0.517021277,0.468471954,2.51
DNA,20,51.7,29.58,26.84,3.8996,0.005,0.572147002,0.519148936,2.74
DNA,25,51.7,32.52,29.41,3.942,0.004,0.62901354,0.568858801,3.11
DNA,30,51.7,35,31.93,3.9471,0.004,0.676982592,0.617601547,3.07
DNA,35,51.7,36.82,33.74,3.9532,0.004,0.712185687,0.652611219,3.08
DNA,40,51.7,38.56,35.28,4.0058,0.006,0.745841393,0.682398453,3.28
DNA,45,51.7,40.05,36.89,4.301,0.0076,0.774661509,0.713539652,3.16
DNA,50,51.7,41.41,38.37,4.4174,0.006,0.800967118,0.742166344,3.04
DNA,55,51.7,43.26,40.16,4.0209,0.007,0.836750484,0.776789168,3.1
DNA,60,51.7,45.43,42.19,3.9876,0.004,0.878723404,0.816054159,3.24
DNA,65,51.7,47.86,44.55,4.0275,0.007,0.925725338,0.861702128,3.31
DNA,70,51.7,50.94,47.72,3.9934,0.0154,0.985299807,0.923017408,3.22
DNA,75,51.7,54.28,50.85,4.0245,0.0067,1.049903288,0.983558994,3.43
DNA,80,51.7,57.99,54.43,3.9949,0.0075,1.121663443,1.052804642,3.56
DNA,85,51.7,62.63,58.84,4.0159,0.0058,1.211411992,1.138104449,3.79
DNA,90,51.7,72.44,67.65,4.4688,0.005,1.401160542,1.308510638,4.79
DNA,95,51.7,90.01,83.53,4.0718,0.007,1.741005803,1.615667311,6.48
DNA,100,51.7,126.99,127.54,4.2517,0.005,2.456286267,2.466924565,-0.55
Episode3,0,1911.63,32.52,29.48,7.8098,0.0377,0.01701166,0.015421394,3.04
Episode3,5,1911.63,42,38.08,7.8404,0.029,0.021970779,0.019920173,3.92
Episode3,10,1911.63,60.52,55.05,8.0932,0.0372,0.031658846,0.028797414,5.47
Episode3,15,1911.63,76.32,69.38,8.2835,0.0295,0.039924044,0.036293634,6.94
Episode3,20,1911.63,90.44,82.16,8.0077,0.028,0.04731041,0.042979028,8.28
Episode3,25,1911.63,103.22,93.72,8.0285,0.0283,0.053995805,0.049026224,9.5
Episode3,30,1911.63,114.72,104.3,8.088,0.0295,0.060011613,0.054560768,10.42
Episode3,35,1911.63,125.88,114.69,8.4737,0.028,0.065849563,0.05999592,11.19
Episode3,40,1911.63,134.73,122.64,8.1623,0.028,0.07047912,0.064154674,12.09
Episode3,45,1911.63,144.65,131.59,8.3301,0.029,0.075668409,0.068836543,13.06
Episode3,50,1911.63,152.96,139.17,8.2288,0.0282,0.080015484,0.072801745,13.79
Episode3,55,1911.63,161.75,147.2,8.2333,0.0331,0.084613654,0.077002349,14.55
Episode3,60,1911.63,172.79,157.18,8.2557,0.027,0.09038883,0.082223024,15.61
Episode3,65,1911.63,186.25,169.39,8.294,0.0291,0.097429942,0.088610244,16.86
Episode3,70,1911.63,202.7,184.4,8.3571,0.0307,0.106035164,0.096462181,18.3
Episode3,75,1911.63,221.25,201.78,8.4266,0.028,0.115738924,0.105553899,19.47
Episode3,80,1911.63,250.31,229.03,8.6485,0.032,0.130940611,0.11980875,21.28
Episode3,85,1911.63,290.05,266.33,8.5966,0.032,0.151729153,0.139320894,23.72
Episode3,90,1911.63,359.88,330.88,8.7987,0.029,0.188258188,0.173087888,29
Episode3,95,1911.63,506.14,468.31,9.565,0.0358,0.26476881,0.244979415,37.83
Episode3,100,1911.63,845.84,877.97,10.6201,0.033,0.442470562,0.459278208,-32.13
ESA,0,14762.3,106.62,97,30.8022,0.026,0.007222452,0.006570792,9.62
ESA,5,14762.3,134.97,123.57,30.8644,0.025,0.009142884,0.008370647,11.4
ESA,10,14762.3,193.03,178.4,31.2506,0.027,0.013075876,0.012084838,14.63
ESA,15,14762.3,239.38,221.13,31.2724,0.0265,0.01621563,0.014979373,18.25
ESA,20,14762.3,280.44,258.18,31.6161,0.026,0.01899704,0.017489145,22.26
ESA,25,14762.3,320.19,294.3,31.6783,0.0295,0.02168971,0.019935918,25.89
ESA,30,14762.3,354.61,326.4,31.9907,0.0265,0.024021325,0.022110376,28.21
ESA,35,14762.3,411.1,379.33,31.8522,0.0273,0.027847964,0.02569586,31.77
ESA,40,14762.3,431.21,396.7,32.1207,0.027,0.029210218,0.026872506,34.51
ESA,45,14762.3,450.81,412,32.0934,0.0287,0.030537924,0.02790893,38.81
ESA,50,14762.3,470.45,428.34,32.2793,0.031,0.03186834,0.029015804,42.11
ESA,55,14762.3,495.07,451.68,32.17,0.026,0.033536102,0.030596858,43.39
ESA,60,14762.3,654.36,614.88,32.8097,0.0316,0.044326426,0.041652046,39.48
ESA,65,14762.3,773.47,720.99,33.1772,0.028,0.052394952,0.04883995,52.48
ESA,70,14762.3,817.89,759.79,33.4717,0.031,0.055403968,0.051468267,58.1
ESA,75,14762.3,869.21,803.81,33.604,0.0335,0.058880391,0.054450187,65.4
ESA,80,14762.3,926.88,855.83,33.4984,0.034,0.062786964,0.057974028,71.05
ESA,85,14762.3,1006,935.07,34.1571,0.0347,0.068146563,0.063341756,70.93
ESA,90,14762.3,1280.48,1201.25,34.0422,0.033,0.086739871,0.081372821,79.23
ESA,95,14762.3,1711.77,1583.61,34.3609,0.032,0.115955508,0.107273934,128.16
ESA,100,14762.3,2640.3,2812.44,37.6234,0.037,0.178854244,0.190515028,-172.14
ETA,0,14762.3,89.84,80.63,30.7185,0.0237,0.006085773,0.005461886,9.21
ETA,5,14762.3,93.56,83.7,30.7957,0.025,0.006337766,0.005669848,9.86
ETA,10,14762.3,101.23,90.95,30.8474,0.022,0.006857333,0.006160964,10.28
ETA,15,14762.3,109.58,97.94,31.1121,0.0315,0.007422963,0.006634468,11.64
ETA,20,14762.3,119.55,107.17,31.0642,0.026,0.008098332,0.007259709,12.38
ETA,25,14762.3,130.86,116.69,31.0085,0.025,0.008864472,0.007904595,14.17
ETA,30,14762.3,151.05,136.57,30.9952,0.024,0.010232145,0.009251268,14.48
ETA,35,14762.3,185.39,169.46,31.1956,0.026,0.012558341,0.011479241,15.93
ETA,40,14762.3,192.33,174.5,31.1447,0.023,0.013028458,0.011820651,17.83
ETA,45,14762.3,198.28,177.78,31.1813,0.028,0.013431511,0.012042839,20.5
ETA,50,14762.3,204.26,181.53,31.182,0.0363,0.013836597,0.012296864,22.73
ETA,55,14762.3,218.52,197.41,31.2548,0.0291,0.014802571,0.013372577,21.11
ETA,60,14762.3,424.65,411.47,32.1874,0.0316,0.028765843,0.027873028,13.18
ETA,65,14762.3,523.47,496.21,32.4136,0.032,0.035459922,0.033613326,27.26
ETA,70,14762.3,540.89,507.11,32.6397,0.0325,0.036639954,0.034351693,33.78
ETA,75,14762.3,569.68,526.52,32.4448,0.0411,0.038590193,0.035666529,43.16
ETA,80,14762.3,593.3,547.5,32.7335,0.033,0.040190214,0.037087717,45.8
ETA,85,14762.3,629.44,590.63,32.6237,0.033,0.042638342,0.040009348,38.81
ETA,90,14762.3,844.01,798.17,33.0397,0.0299,0.05717334,0.054068133,45.84
ETA,95,14762.3,1143.49,1053.76,33.1909,0.033,0.077460152,0.071381831,89.73
ETA,100,14762.3,1803.15,1976.48,35.4377,0.034,0.122145601,0.133886996,-173.33
Friday,0,398.17,8.29,7.5,1.9756,0.006,0.020820253,0.018836176,0.79
Friday,5,398.17,9.67,8.79,1.9911,0.01,0.024286109,0.022075998,0.88
Friday,10,398.17,14.07,12.67,2.0277,0.007,0.035336665,0.031820579,1.4
Friday,15,398.17,17.93,16.41,2.0208,0.009,0.045031017,0.041213552,1.52
Friday,20,398.17,21.81,19.9,2.0268,0.008,0.054775598,0.049978652,1.91
Friday,25,398.17,25.22,23.1,2.3429,0.007,0.063339779,0.058015421,2.12
Friday,30,398.17,28.32,25.94,2.2111,0.007,0.071125399,0.065148052,2.38
Friday,35,398.17,31.26,28.79,2.0577,0.007,0.078509179,0.072305799,2.47
Friday,40,398.17,33.59,30.99,2.0526,0.006,0.084360951,0.077831077,2.6
Friday,45,398.17,36.33,33.57,2.0689,0.008,0.091242434,0.084310722,2.76
Friday,50,398.17,38.74,35.74,2.1079,0.007,0.097295125,0.089760655,3
Friday,55,398.17,41.14,38.06,2.0907,0.01,0.103322701,0.095587312,3.08
Friday,60,398.17,44.14,41.02,2.0817,0.007,0.110857172,0.103021323,3.12
Friday,65,398.17,47.93,44.51,2.0763,0.008,0.120375719,0.111786423,3.42
Friday,70,398.17,52.13,48.73,2.0845,0.008,0.130923977,0.122384911,3.4
Friday,75,398.17,57.09,53.46,2.12,0.007,0.143380968,0.134264259,3.63
Friday,80,398.17,64.74,60.85,2.2289,0.007,0.162593867,0.152824171,3.89
Friday,85,398.17,75.01,70.93,2.1877,0.007,0.18838687,0.17813999,4.08
Friday,90,398.17,92.31,87.36,2.2456,0.008,0.231835648,0.219403772,4.95
Friday,95,398.17,127.85,120.82,2.3291,0.009,0.321094005,0.30343823,7.03
Friday,100,398.17,213.55,218.14,2.5313,0.009,0.536328704,0.547856443,-4.59
FridayBoat,0,95.64,13.83,12.46,4.1941,0.005,0.144604768,0.130280217,1.37
FridayBoat,5,95.64,16.6,14.52,3.9202,0.007,0.173567545,0.151819322,2.08
FridayBoat,10,95.64,22.16,19.36,3.9239,0.005,0.231702217,0.202425763,2.8
FridayBoat,15,95.64,26.74,23.2,3.9845,0.005,0.27959013,0.242576328,3.54
FridayBoat,20,95.64,31.24,27.03,3.9909,0.007,0.326641573,0.282622334,4.21
FridayBoat,25,95.64,35.08,30.16,4.5717,0.0076,0.366792137,0.315349226,4.92
FridayBoat,30,95.64,38.62,33.47,3.9707,0.005,0.403805939,0.349958176,5.15
FridayBoat,35,95.64,43.51,37.68,4.0095,0.007,0.454935174,0.393977415,5.83
FridayBoat,40,95.64,45.42,39.11,4.3354,0.008,0.474905897,0.408929318,6.31
FridayBoat,45,95.64,47.27,40.62,4.0663,0.006,0.494249268,0.424717691,6.65
FridayBoat,50,95.64,49.11,42.18,3.9643,0.005,0.51348808,0.441028858,6.93
FridayBoat,55,95.64,51.32,44.29,3.9841,0.0071,0.536595567,0.463090757,7.03
FridayBoat,60,95.64,60.87,53.72,4.009,0.0074,0.636449184,0.56168967,7.15
FridayBoat,65,95.64,68.45,60.18,4.0555,0.005,0.715704726,0.62923463,8.27
FridayBoat,70,95.64,72.36,63.32,4.0722,0.0053,0.756587202,0.662066081,9.04
FridayBoat,75,95.64,76.83,67.24,4.1508,0.008,0.803324969,0.703053116,9.59
FridayBoat,80,95.64,82.65,72.15,4.5815,0.0165,0.864178168,0.754391468,10.5
FridayBoat,85,95.64,90.73,79.27,4.1197,0.015,0.948661648,0.828837307,11.46
FridayBoat,90,95.64,113.33,99.38,4.0919,0.009,1.18496445,1.039104977,13.95
FridayBoat,95,95.64,150.23,131.32,4.3286,0.007,1.570786282,1.373065663,18.91
FridayBoat,100,95.64,231.95,251.94,4.4405,0.008,2.425240485,2.63425345,-19.99
JOJO,0,1865.26,39.49,36.19,8.0559,0.027,0.021171311,0.019402121,3.3
JOJO,5,1865.26,49.93,45.39,7.9348,0.026,0.026768386,0.024334409,4.54
JOJO,10,1865.26,71.55,64.49,7.9945,0.026,0.038359264,0.034574268,7.06
JOJO,15,1865.26,90.7,81.68,8.0658,0.028,0.048625929,0.043790142,9.02
JOJO,20,1865.26,107.69,96.32,8.1698,0.028,0.057734579,0.051638914,11.37
JOJO,25,1865.26,123.85,110.28,8.2028,0.03,0.06639825,0.059123125,13.57
JOJO,30,1865.26,138.66,124.53,8.7658,0.03,0.074338162,0.066762811,14.13
JOJO,35,1865.26,152,138.04,8.4253,0.032,0.08148998,0.074005769,13.96
JOJO,40,1865.26,161.65,147.74,8.2786,0.0292,0.086663521,0.079206116,13.91
JOJO,45,1865.26,171.89,157.84,8.3723,0.0308,0.092153373,0.084620911,14.05
JOJO,50,1865.26,180.73,166.54,8.7799,0.0285,0.096892658,0.08928514,14.19
JOJO,55,1865.26,189.94,175.46,8.3902,0.032,0.101830308,0.094067315,14.48
JOJO,60,1865.26,201.5,186.16,8.4874,0.029,0.108027835,0.099803781,15.34
JOJO,65,1865.26,215.53,198.75,8.4343,0.031,0.115549575,0.10655351,16.78
JOJO,70,1865.26,231.02,213.48,9.0212,0.029,0.123854047,0.114450532,17.54
JOJO,75,1865.26,249.01,231.12,8.4916,0.0291,0.133498815,0.123907659,17.89
JOJO,80,1865.26,275.03,255.74,8.6187,0.032,0.147448613,0.137106891,19.29
JOJO,85,1865.26,310.63,288.26,8.6438,0.031,0.166534424,0.154541458,22.37
JOJO,90,1865.26,378.24,348.47,9.025,0.029,0.202781382,0.18682114,29.77
JOJO,95,1865.26,519.99,475.67,9.09,0.0325,0.278776149,0.255015387,44.32
JOJO,100,1865.26,882.87,917.44,10.3881,0.031,0.473322754,0.491856363,-34.57
JOJOW3,0,2138.34,40.02,36.9,7.8831,0.033,0.018715452,0.017256376,3.12
JOJOW3,5,2138.34,51.9,47.71,8.0029,0.036,0.024271164,0.0223117,4.19
JOJOW3,10,2138.34,73.56,67.71,8.2409,0.0344,0.034400516,0.031664749,5.85
JOJOW3,15,2138.34,92.71,84.85,8.1224,0.037,0.043356061,0.039680313,7.86
JOJOW3,20,2138.34,109.37,100.18,8.1822,0.034,0.051147152,0.046849425,9.19
JOJOW3,25,2138.34,125.04,114.64,8.2056,0.038,0.058475266,0.05361168,10.4
JOJOW3,30,2138.34,140.09,128.78,8.4378,0.035,0.065513436,0.060224286,11.31
JOJOW3,35,2138.34,154.26,141.98,8.335,0.037,0.072140071,0.066397299,12.28
JOJOW3,40,2138.34,166.6,152.55,8.387,0.0364,0.077910903,0.071340386,14.05
JOJOW3,45,2138.34,179.39,164.12,8.4329,0.0366,0.083892178,0.076751125,15.27
JOJOW3,50,2138.34,190.65,174.43,8.4584,0.036,0.089157945,0.081572622,16.22
JOJOW3,55,2138.34,202.41,185.6,8.386,0.037,0.094657538,0.0867963,16.81
JOJOW3,60,2138.34,217.07,198.75,8.4515,0.036,0.101513323,0.09294593,18.32
JOJOW3,65,2138.34,235.28,215.59,8.9078,0.037,0.110029275,0.100821198,19.69
JOJOW3,70,2138.34,256.68,235.66,8.6202,0.038,0.120037038,0.110206983,21.02
JOJOW3,75,2138.34,281.35,259.03,8.8008,0.0421,0.131574025,0.121136021,22.32
JOJOW3,80,2138.34,319.09,294.44,8.7788,0.039,0.149223229,0.137695596,24.65
JOJOW3,85,2138.34,369.89,342.63,8.9602,0.039,0.172979975,0.160231769,27.26
JOJOW3,90,2138.34,458.76,426.35,9.1905,0.038,0.214540251,0.199383634,32.41
JOJOW3,95,2138.34,645.37,603.79,9.5793,0.0399,0.30180888,0.28236389,41.58
JOJOW3,100,2138.34,1117.66,1163.71,11.0386,0.042,0.522676469,0.544211865,-46.05
Onion,0,4175.13,74.61,66.97,16.5077,0.076,0.017870102,0.016040219,7.64
Onion,5,4175.13,79.97,71.66,16.3084,0.077,0.019153895,0.017163537,8.31
Onion,10,4175.13,94.41,84.86,16.6055,0.075,0.02261247,0.020325116,9.55
Onion,15,4175.13,109.45,98.95,16.3835,0.0784,0.026214753,0.023699861,10.5
Onion,20,4175.13,124.39,112.86,16.9693,0.078,0.029793084,0.027031494,11.53
Onion,25,4175.13,139.08,126.68,16.499,0.078,0.033311538,0.03034157,12.4
Onion,30,4175.13,153.33,140.09,16.8404,0.0781,0.036724605,0.033553446,13.24
Onion,35,4175.13,167.03,153.23,16.5709,0.0805,0.04000594,0.036700654,13.8
Onion,40,4175.13,178.84,164.24,16.9328,0.079,0.042834594,0.039337697,14.6
Onion,45,4175.13,193.26,177.65,16.7239,0.0818,0.046288379,0.042549573,15.61
Onion,50,4175.13,205.25,189.21,17.1605,0.077,0.049160146,0.045318349,16.04
Onion,55,4175.13,218.23,201.62,16.8962,0.0794,0.052269031,0.048290712,16.61
Onion,60,4175.13,234.84,217.51,17.1464,0.077,0.05624735,0.052096581,17.33
Onion,65,4175.13,258.01,238.59,16.9072,0.0793,0.061796878,0.057145526,19.42
Onion,70,4175.13,285.1,265.04,17.3004,0.0785,0.068285299,0.063480658,20.06
Onion,75,4175.13,317.77,296.28,17.2104,0.0805,0.076110205,0.07096306,21.49
Onion,80,4175.13,372.1,348.38,17.3214,0.0785,0.089122973,0.083441713,23.72
Onion,85,4175.13,449.45,423.46,17.5438,0.081,0.107649343,0.101424387,25.99
Onion,90,4175.13,594.28,558.6,18.3632,0.083,0.142338083,0.133792241,35.68
Onion,95,4175.13,916.82,858.23,18.9929,0.0846,0.219590767,0.205557671,58.59
Onion,100,4175.13,1797.16,1930.82,22.7359,0.0915,0.430444082,0.462457456,-133.66
Starwars,0,2061.29,132.6,121.95,31.0998,0.041,0.064328649,0.059161981,10.65
Starwars,5,2061.29,177.88,164.8,31.318,0.044,0.086295475,0.079949934,13.08
Starwars,10,2061.29,279.13,259.99,31.6868,0.043,0.135415201,0.126129754,19.14
Starwars,15,2061.29,369.5,344.39,32.1671,0.046,0.179256679,0.167074987,25.11
Starwars,20,2061.29,451.59,420.56,32.4911,0.045,0.219081255,0.204027575,31.03
Starwars,25,2061.29,531.27,494.55,32.6716,0.05,0.25773666,0.239922573,36.72
Starwars,30,2061.29,598,557.5,32.981,0.047,0.290109592,0.270461701,40.5
Starwars,35,2061.29,673.51,629,32.9994,0.047,0.326741992,0.305148718,44.51
Starwars,40,2061.29,721.21,670.05,33.4692,0.048,0.34988284,0.325063431,51.16
Starwars,45,2061.29,818.41,758.41,33.8167,0.049,0.397037777,0.367929792,60
Starwars,50,2061.29,861,792.88,33.8799,0.0473,0.417699596,0.384652329,68.12
Starwars,55,2061.29,897.77,824.45,33.8461,0.0491,0.43553794,0.399967981,73.32
Starwars,60,2061.29,1001.88,926.17,34.3356,0.0505,0.486045146,0.44931572,75.71
Starwars,65,2061.29,1124.77,1041.32,34.864,0.0492,0.545663153,0.505178796,83.45
Starwars,70,2061.29,1186.97,1096.72,34.8518,0.048,0.575838431,0.532055169,90.25
Starwars,75,2061.29,1254.98,1160.02,35.0151,0.05,0.608832333,0.562764094,94.96
Starwars,80,2061.29,1552.28,1471.63,35.6557,0.0522,0.753062403,0.713936418,80.65
Starwars,85,2061.29,1869.17,1783.62,37.2324,0.0545,0.90679623,0.865293093,85.55
Starwars,90,2061.29,2144.3,2067.46,37.4825,0.0565,1.040270898,1.002993271,76.84
Starwars,95,2061.29,2919.24,2785.4,38.0758,0.0612,1.41621994,1.351289726,133.84
Starwars,100,2061.29,4437.19,4572.34,41.5246,0.065,2.152627723,2.218193461,-135.15
starwarsoriginal,0,578.6,29.61,26.94,7.815,0.016,0.051175251,0.046560664,2.67
starwarsoriginal,5,578.6,34.93,31.61,8.206,0.0133,0.060369858,0.05463187,3.32
starwarsoriginal,10,578.6,45.85,41.29,8.2932,0.016,0.079243,0.071361908,4.56
starwarsoriginal,15,578.6,55.37,49.95,7.9256,0.0176,0.095696509,0.08632907,5.42
starwarsoriginal,20,578.6,63.67,57.37,7.946,0.016,0.110041479,0.099153128,6.3
starwarsoriginal,25,578.6,71.69,64.52,7.9827,0.016,0.123902523,0.111510543,7.17
starwarsoriginal,30,578.6,79.12,71.27,8.4813,0.018,0.136743865,0.123176633,7.85
starwarsoriginal,35,578.6,86.07,77.77,7.9947,0.018,0.148755617,0.134410646,8.3
starwarsoriginal,40,578.6,92.09,83.19,8.0718,0.017,0.159160041,0.143778085,8.9
starwarsoriginal,45,578.6,99.19,89.73,8.1181,0.0145,0.17143104,0.155081231,9.46
starwarsoriginal,50,578.6,105.05,95.19,8.5082,0.018,0.181558935,0.164517802,9.86
starwarsoriginal,55,578.6,110.95,100.84,8.1051,0.017,0.191755963,0.174282751,10.11
starwarsoriginal,60,578.6,118.63,108.14,8.1414,0.0161,0.205029381,0.186899412,10.49
starwarsoriginal,65,578.6,128.9,117.37,8.1643,0.019,0.222779122,0.202851711,11.53
starwarsoriginal,70,578.6,140.41,128.48,8.6602,0.019,0.242671967,0.222053232,11.93
starwarsoriginal,75,578.6,154.05,141.32,8.2387,0.017,0.266246111,0.244244729,12.73
starwarsoriginal,80,578.6,176.29,162.26,8.7001,0.0186,0.304683719,0.280435534,14.03
starwarsoriginal,85,578.6,208.26,192.6,8.4281,0.017,0.359937781,0.332872451,15.66
starwarsoriginal,90,578.6,270.85,249.98,8.5797,0.017,0.468112686,0.432042862,20.87
starwarsoriginal,95,578.6,422.64,387.51,9.0188,0.018,0.730452817,0.669737297,35.13
starwarsoriginal,100,578.6,869.53,912.6,11.0518,0.0201,1.502817145,1.577255444,-43.07
StarwarsRise,0,355.14,42.46,38.3,8.1486,0.015,0.119558484,0.107844794,4.16
StarwarsRise,5,355.14,51,45.85,8.1273,0.016,0.143605339,0.129104015,5.15
StarwarsRise,10,355.14,69.95,62.59,8.2559,0.016,0.196964577,0.176240356,7.36
StarwarsRise,15,355.14,86.1,77.56,8.4732,0.015,0.242439601,0.218392747,8.54
StarwarsRise,20,355.14,101.12,91.11,8.3356,0.017,0.284732781,0.256546714,10.01
StarwarsRise,25,355.14,115.61,104.54,8.3949,0.0167,0.325533592,0.294362787,11.07
StarwarsRise,30,355.14,128.36,116.27,8.9477,0.015,0.361434927,0.327392014,12.09
StarwarsRise,35,355.14,143.63,130.87,8.5017,0.017,0.404432055,0.368502562,12.76
StarwarsRise,40,355.14,152.9,139.31,8.5257,0.016,0.430534437,0.392267838,13.59
StarwarsRise,45,355.14,162.57,147.97,8.516,0.015,0.457763136,0.416652588,14.6
StarwarsRise,50,355.14,172.26,157.1,9.1833,0.018,0.48504815,0.442360759,15.16
StarwarsRise,55,355.14,184.4,168.43,8.6247,0.015,0.519231852,0.474263671,15.97
StarwarsRise,60,355.14,200.45,184.36,8.6253,0.016,0.564425297,0.519119221,16.09
StarwarsRise,65,355.14,224.53,206.41,8.7862,0.018,0.632229543,0.581207411,18.12
StarwarsRise,70,355.14,243.01,223.28,9.1819,0.016,0.68426536,0.628709805,19.73
StarwarsRise,75,355.14,267.95,246.82,8.8738,0.018,0.754491187,0.694993524,21.13
StarwarsRise,80,355.14,305.85,282.42,9.0148,0.019,0.861209664,0.795235682,23.43
StarwarsRise,85,355.14,341.14,315.79,9.2259,0.0191,0.960578927,0.889198626,25.35
StarwarsRise,90,355.14,404.63,373.58,9.2019,0.018,1.139353494,1.051923185,31.05
StarwarsRise,95,355.14,541.35,501.45,9.2151,0.0231,1.524328434,1.411978375,39.9
StarwarsRise,100,355.14,810.42,866.16,10.2017,0.019,2.281973306,2.438925494,-55.74
Tanks,0,1163.92,16.07,14.8,3.9271,0.016,0.013806791,0.012715651,1.27
Tanks,5,1163.92,18.63,17.11,3.9724,0.019,0.016006255,0.014700323,1.52
Tanks,10,1163.92,24.86,22.88,4.0349,0.019,0.021358856,0.019657708,1.98
Tanks,15,1163.92,31.01,28.57,4.4252,0.027,0.026642725,0.024546361,2.44
Tanks,20,1163.92,36.72,33.77,4.0022,0.0191,0.03154856,0.029014022,2.95
Tanks,25,1163.92,42.22,38.82,4.019,0.018,0.036273971,0.033352808,3.4
Tanks,30,1163.92,47.46,43.69,4.0864,0.019,0.040775998,0.037536944,3.77
Tanks,35,1163.92,52.51,48.32,4.1041,0.018,0.045114785,0.041514881,4.19
Tanks,40,1163.92,57.02,52.42,4.3408,0.018,0.048989621,0.04503746,4.6
Tanks,45,1163.92,62,57.04,4.119,0.021,0.053268266,0.049006805,4.96
Tanks,50,1163.92,66.45,61.11,4.1605,0.021,0.057091553,0.052503608,5.34
Tanks,55,1163.92,71.03,65.37,4.4732,0.0201,0.061026531,0.056163654,5.66
Tanks,60,1163.92,76.94,70.92,4.1965,0.0185,0.0661042,0.060932023,6.02
Tanks,65,1163.92,84.8,77.9,4.1879,0.021,0.072857241,0.066928999,6.9
Tanks,70,1163.92,94.19,86.63,4.2019,0.018,0.080924806,0.074429514,7.56
Tanks,75,1163.92,105.13,96.91,4.268,0.018,0.090324077,0.083261736,8.22
Tanks,80,1163.92,122.6,113.36,4.3324,0.021,0.1053337,0.09739501,9.24
Tanks,85,1163.92,147.5,136.97,4.4115,0.019,0.126726923,0.117679909,10.53
Tanks,90,1163.92,192.46,178.4,5.0794,0.021,0.165355007,0.153275139,14.06
Tanks,95,1163.92,285.74,265.01,4.9745,0.0233,0.245497972,0.22768747,20.73
Tanks,100,1163.92,532.07,565.14,5.9887,0.022,0.457136229,0.485548835,-33.07
WildFriday,0,1697.71,19.73,18.05,3.9471,0.017,0.011621537,0.010631969,1.68
WildFriday,5,1697.71,25.15,23.29,4.0264,0.021,0.014814073,0.01371848,1.86
WildFriday,10,1697.71,36.17,33.61,4.0754,0.0192,0.02130517,0.019797256,2.56
WildFriday,15,1697.71,45.85,42.91,4.0688,0.017,0.027006968,0.025275224,2.94
WildFriday,20,1697.71,55.6,51.68,4.0871,0.017,0.032749999,0.030441006,3.92
WildFriday,25,1697.71,64.55,60.12,4.1566,0.022,0.038021806,0.035412408,4.43
WildFriday,30,1697.71,72.9,68,4.124,0.019,0.042940196,0.040053955,4.9
WildFriday,35,1697.71,81.04,75.74,4.1538,0.0191,0.04773489,0.044613038,5.3
WildFriday,40,1697.71,87.93,82.03,4.1841,0.021,0.051793298,0.048318028,5.9
WildFriday,45,1697.71,95.83,89.41,4.2336,0.02,0.056446625,0.052665061,6.42
WildFriday,50,1697.71,102.73,95.8,4.2251,0.021,0.060510924,0.056428954,6.93
WildFriday,55,1697.71,109.97,102.55,4.2555,0.019,0.064775492,0.060404898,7.42
WildFriday,60,1697.71,119.48,111.36,4.2845,0.023,0.070377155,0.065594242,8.12
WildFriday,65,1697.71,131.63,122.44,4.3506,0.019,0.077533854,0.07212068,9.19
WildFriday,70,1697.71,146.87,136.64,4.4079,0.02,0.086510653,0.080484888,10.23
WildFriday,75,1697.71,165.14,153.69,4.8925,0.034,0.097272208,0.090527829,11.45
WildFriday,80,1697.71,193.58,180.18,4.6666,0.021,0.114024186,0.1061312,13.4
WildFriday,85,1697.71,233.42,216.72,4.6586,0.021,0.137491091,0.127654311,16.7
WildFriday,90,1697.71,300.97,278.12,4.8648,0.02,0.177279983,0.163820676,22.85
WildFriday,95,1697.71,432.62,400.27,5.2423,0.021,0.254825618,0.235770538,32.35
WildFriday,100,1697.71,758.1,771.9,6.3967,0.025,0.446542696,0.454671293,-13.8
