Photo Name,Quality Parameter,Original Size (KB),QJPEG Size (KB),CV2 Size (KB),Time QFT (s),Time DCT (s)
Blue Marble,0,177716.01,8309.42,3567.01,2252.6418,4.3216
Blue Marble,5,177716.01,8717.24,3568.39,2263.6936,4.4129
Blue Marble,10,177716.01,9868.56,3619.82,2320.6195,4.6538
Blue Marble,15,177716.01,11118.98,3678.24,2182.9394,4.3974
Blue Marble,20,177716.01,12402.48,3780,2308.8572,4.5269
Blue Marble,25,177716.01,13715.87,3873.76,2208.998,4.4932
Blue Marble,30,177716.01,15008.87,3991.04,2401.8978,4.7945
Blue Marble,35,177716.01,16295.88,4121,2493.2676,4.6648
Blue Marble,40,177716.01,17423.87,4216.23,2483.1712,4.8503
Blue Marble,45,177716.01,18735.74,4354.12,2375.1277,4.8862
Blue Marble,50,177716.01,19891.69,4479.96,2282.8635,4.8863
Blue Marble,55,177716.01,21053.59,4614.75,2298.1257,5.0195
Blue Marble,60,177716.01,22604.49,4812.23,2249.194,4.9855
Blue Marble,65,177716.01,24516.08,5045.98,2247.5951,4.9033
Blue Marble,70,177716.01,26883.91,5365.96,2259.3853,4.9217
Blue Marble,75,177716.01,29474.35,5757.01,2280.5767,4.9563
Blue Marble,80,177716.01,33516.74,6409.7,2277.669,5.0935
Blue Marble,85,177716.01,39341.1,7431.39,2344.8856,5.0377
Blue Marble,90,177716.01,49522.26,9323.19,2667.4666,5.2694
Blue Marble,95,177716.01,71880.44,13954.49,2527.1939,5.4041
Blue Marble,100,177716.01,130227.27,35662.51,2831.7998,4.5516
DNA,0,51.7,28.69,11.51,5.7782,0.0137
DNA,5,51.7,31.21,11.65,5.5797,0.0185
DNA,10,51.7,35.69,12.66,5.7305,0.0182
DNA,15,51.7,39.75,13.6,5.7153,0.013
DNA,20,51.7,42.85,14.42,5.5024,0.0136
DNA,25,51.7,46.01,15.27,5.5646,0.0156
DNA,30,51.7,48.81,15.89,5.5359,0.012
DNA,35,51.7,50.97,16.64,5.7978,0.006
DNA,40,51.7,53.2,17.22,7.2752,0.008
DNA,45,51.7,55.17,17.91,8.4887,0
DNA,50,51.7,56.89,18.54,5.7962,0
DNA,55,51.7,59.09,19.18,5.6902,0.0078
DNA,60,51.7,61.7,19.99,5.7182,0.006
DNA,65,51.7,64.83,21.02,5.7389,0.006
DNA,70,51.7,68.62,22.27,5.899,0.0113
DNA,75,51.7,72.82,23.82,5.6573,0
DNA,80,51.7,77.91,26.42,5.6709,0
DNA,85,51.7,84.6,30.06,5.6718,0.0196
DNA,90,51.7,98.54,36.57,5.918,0.0212
DNA,95,51.7,126.09,50.8,5.903,0.0184
DNA,100,51.7,189.78,100.33,6.1133,0.0105
Episode3,0,1911.63,56.49,22.08,10.9456,0.0076
Episode3,5,1911.63,67.41,22.18,10.9808,0.0121
Episode3,10,1911.63,89.88,23.84,11.2567,0.0118
Episode3,15,1911.63,109.97,25.61,11.1289,0.0196
Episode3,20,1911.63,128.1,27.83,11.2448,0.0068
Episode3,25,1911.63,144.68,29.98,11.2275,0.019
Episode3,30,1911.63,159.85,32.21,11.4957,0.0142
Episode3,35,1911.63,174.7,34.53,11.4007,0.0064
Episode3,40,1911.63,186.7,36.27,11.4111,0.0115
Episode3,45,1911.63,200.49,38.63,11.7345,0.0078
Episode3,50,1911.63,211.85,40.66,11.695,0.0158
Episode3,55,1911.63,223.8,42.86,11.5154,0.02
Episode3,60,1911.63,238.79,45.72,11.5738,0.0223
Episode3,65,1911.63,257.78,49.32,11.6707,0.001
Episode3,70,1911.63,280.24,53.93,11.7133,0.0142
Episode3,75,1911.63,306.01,59.47,12.1513,0.0074
Episode3,80,1911.63,346.69,68.87,11.9284,0.0125
Episode3,85,1911.63,402.13,82.41,12.2932,0.0031
Episode3,90,1911.63,501.59,107.61,12.6192,0.008
Episode3,95,1911.63,714.13,167.75,13.0138,0.0158
Episode3,100,1911.63,1268.97,427.66,15.0551,0.015
ESA,0,14762.3,194.98,78.69,43.4374,0.041
ESA,5,14762.3,226.75,78.43,43.0786,0.0449
ESA,10,14762.3,293.98,82.89,43.5964,0.0357
ESA,15,14762.3,350.63,85.77,43.4619,0.0369
ESA,20,14762.3,403.16,93.57,43.8444,0.0467
ESA,25,14762.3,454.23,100.29,44.1477,0.0443
ESA,30,14762.3,494.4,107.08,44.402,0.0412
ESA,35,14762.3,558.29,115.51,44.3747,0.0322
ESA,40,14762.3,585.76,121.56,44.8055,0.0377
ESA,45,14762.3,616.94,129.97,44.6245,0.0475
ESA,50,14762.3,640.01,136.54,44.6718,0.0506
ESA,55,14762.3,665.99,143.85,44.6457,0.0441
ESA,60,14762.3,827.87,153.71,45.5089,0.0474
ESA,65,14762.3,953.58,165.68,46.7135,0.0441
ESA,70,14762.3,1003.68,180.46,46.0552,0.0512
ESA,75,14762.3,1061.12,199.63,46.1123,0.0442
ESA,80,14762.3,1140.33,230.35,46.1743,0.0441
ESA,85,14762.3,1249.63,274.26,46.4043,0.0443
ESA,90,14762.3,1592.9,352.86,46.7919,0.0453
ESA,95,14762.3,2204.67,541.91,47.7842,0.0463
ESA,100,14762.3,3842.23,1301.37,53.2277,0.0515
ETA,0,14762.3,176.36,77.89,42.5927,0.0434
ETA,5,14762.3,181.82,77.98,42.7476,0.044
ETA,10,14762.3,189.8,79.15,42.7975,0.0548
ETA,15,14762.3,202.28,79.23,44.6413,0.0401
ETA,20,14762.3,214.14,82.3,43.4863,0.0577
ETA,25,14762.3,230.79,81.58,43.0403,0.0436
ETA,30,14762.3,252.84,83.03,43.1674,0.043
ETA,35,14762.3,290.75,85.55,43.3352,0.042
ETA,40,14762.3,302.13,84.63,43.3393,0.0462
ETA,45,14762.3,322.7,86.92,43.4607,0.043
ETA,50,14762.3,332.3,87.62,43.4018,0.0441
ETA,55,14762.3,345.95,88.51,43.3863,0.044
ETA,60,14762.3,552.81,91.4,44.1951,0.0401
ETA,65,14762.3,653.19,92.66,44.6349,0.0442
ETA,70,14762.3,669.71,95.08,44.819,0.0433
ETA,75,14762.3,694.24,100.42,44.9676,0.0418
ETA,80,14762.3,728.85,107.55,44.957,0.0401
ETA,85,14762.3,785.07,117.09,45.2007,0.0442
ETA,90,14762.3,1029.85,134.62,45.3495,0.041
ETA,95,14762.3,1415.38,191,45.9142,0.0424
ETA,100,14762.3,2447.96,423.08,49.1606,0.047
Friday,0,398.17,14.7,6.5,5.0739,0
Friday,5,398.17,16.18,6.52,5.0956,0
Friday,10,398.17,20.7,6.74,5.1164,0
Friday,15,398.17,24.78,6.9,5.3014,0
Friday,20,398.17,28.76,7.22,5.0889,0
Friday,25,398.17,32.35,7.34,5.1764,0
Friday,30,398.17,35.66,7.58,5.1463,0
Friday,35,398.17,38.74,7.92,5.1697,0
Friday,40,398.17,41.26,8.13,5.164,0
Friday,45,398.17,44.21,8.51,5.3623,0
Friday,50,398.17,46.92,8.79,5.247,0.0157
Friday,55,398.17,49.42,9.12,5.2231,0.004
Friday,60,398.17,52.81,9.67,5.21,0.003
Friday,65,398.17,57.17,10.23,5.2009,0.003
Friday,70,398.17,62.06,10.95,5.192,0.004
Friday,75,398.17,67.71,12.07,5.2819,0.003
Friday,80,398.17,76.58,13.96,5.2994,0.004
Friday,85,398.17,88.73,16.81,5.3161,0.004
Friday,90,398.17,110.25,22.16,5.4026,0.004
Friday,95,398.17,157.09,35.3,5.7084,0.004
Friday,100,398.17,287.3,87.54,6.2566,0.005
FridayBoat,0,95.64,25.47,11.2,5.4141,0.006
FridayBoat,5,95.64,29.1,11.36,5.4066,0.006
FridayBoat,10,95.64,35.9,12.53,5.4455,0.005
FridayBoat,15,95.64,42.4,13.57,5.4754,0.006
FridayBoat,20,95.64,48.89,14.76,5.4771,0.0053
FridayBoat,25,95.64,54.49,15.8,5.772,0.006
FridayBoat,30,95.64,58.9,16.91,5.524,0.0055
FridayBoat,35,95.64,65.58,17.9,5.5319,0.0069
FridayBoat,40,95.64,70.03,18.73,5.5867,0.006
FridayBoat,45,95.64,73.5,20.09,5.5623,0.0061
FridayBoat,50,95.64,75.73,21.04,5.6154,0.006
FridayBoat,55,95.64,78.26,22.12,5.6397,0.007
FridayBoat,60,95.64,87.75,23.8,5.6414,0.006
FridayBoat,65,95.64,95.27,25.75,5.6649,0.006
FridayBoat,70,95.64,98.99,27.54,5.7149,0.006
FridayBoat,75,95.64,103.56,29.98,5.6681,0.006
FridayBoat,80,95.64,111.44,34.18,5.9242,0.006
FridayBoat,85,95.64,119.8,38.83,5.6835,0.006
FridayBoat,90,95.64,144.46,46.47,5.7508,0.0069
FridayBoat,95,95.64,191.02,65.91,5.7508,0.0058
FridayBoat,100,95.64,321.24,161.98,6.2404,0.007
JOJO,0,1865.26,66.32,24.25,20.1368,0.0202
JOJO,5,1865.26,78.63,24.67,20.3408,0.0205
JOJO,10,1865.26,104.66,27.84,22.1139,0.0124
JOJO,15,1865.26,127.75,31.46,21.0537,0.021
JOJO,20,1865.26,147.81,35.33,20.963,0.017
JOJO,25,1865.26,167.16,39.15,20.8733,0.0122
JOJO,30,1865.26,185.63,42.77,20.9723,0.0198
JOJO,35,1865.26,203.22,46.47,20.9053,0.0186
JOJO,40,1865.26,216.95,49.6,20.8849,0.0158
JOJO,45,1865.26,232.04,53.33,21.5675,0.0139
JOJO,50,1865.26,245.08,56.58,20.9127,0.014
JOJO,55,1865.26,258.59,59.9,20.8211,0.0253
JOJO,60,1865.26,275.48,64.33,21.0656,0.014
JOJO,65,1865.26,296.82,70.11,21.1032,0.0253
JOJO,70,1865.26,320.97,77.17,21.0111,0.014
JOJO,75,1865.26,349.3,85.67,21.1582,0.016
JOJO,80,1865.26,392.46,99.37,21.2161,0.0135
JOJO,85,1865.26,452.91,118.7,21.4854,0.0146
JOJO,90,1865.26,567.95,154.93,21.7054,0.0151
JOJO,95,1865.26,813.33,240.76,22.1446,0.016
JOJO,100,1865.26,1488.99,589.17,25.1866,0.018
JOJOW3,0,2138.34,66.74,24.38,20.3201,0.0185
JOJOW3,5,2138.34,80.58,24.56,20.159,0.0238
JOJOW3,10,2138.34,107.93,26.65,20.2434,0.014
JOJOW3,15,2138.34,132.03,29.35,20.4094,0.0227
JOJOW3,20,2138.34,154.22,32.38,20.3942,0.0193
JOJOW3,25,2138.34,175.06,35.2,20.6251,0.0138
JOJOW3,30,2138.34,194.61,38.1,20.5729,0.014
JOJOW3,35,2138.34,213.27,41.6,20.9136,0.014
JOJOW3,40,2138.34,228.73,43.62,21.1474,0.014
JOJOW3,45,2138.34,245.86,46.66,20.9551,0.0287
JOJOW3,50,2138.34,261.48,49.1,20.9799,0.013
JOJOW3,55,2138.34,277.58,51.87,20.925,0.0249
JOJOW3,60,2138.34,297.45,55.45,20.8715,0.0256
JOJOW3,65,2138.34,322.54,59.65,21.064,0.0296
JOJOW3,70,2138.34,351.86,65.33,21.0592,0.013
JOJOW3,75,2138.34,385.94,72.27,21.3204,0.015
JOJOW3,80,2138.34,439.31,83.91,21.4145,0.0155
JOJOW3,85,2138.34,512.41,100.41,21.5802,0.014
JOJOW3,90,2138.34,643.39,132.17,22.0301,0.0141
JOJOW3,95,2138.34,924.58,208.67,22.6943,0.0151
JOJOW3,100,2138.34,1636.49,511.83,25.3765,0.0176
Onion,0,4175.13,143.45,62.13,41.2415,0.0407
Onion,5,4175.13,149.48,62.37,40.9887,0.0474
Onion,10,4175.13,166.2,64.1,41.5573,0.0421
Onion,15,4175.13,183.66,65.87,41.5095,0.033
Onion,20,4175.13,200.99,67.9,41.6536,0.0441
Onion,25,4175.13,218.52,69.79,41.5177,0.0433
Onion,30,4175.13,235.49,72.29,41.7883,0.0461
Onion,35,4175.13,252.04,74.59,41.6791,0.0423
Onion,40,4175.13,266.61,76.45,41.6537,0.034
Onion,45,4175.13,284.71,78.6,41.9211,0.0353
Onion,50,4175.13,299.61,80.94,42.049,0.0321
Onion,55,4175.13,315.66,83.26,42.0279,0.047
Onion,60,4175.13,336.02,86.18,41.9682,0.034
Onion,65,4175.13,365.91,89.96,42.2868,0.031
Onion,70,4175.13,399.76,95.16,42.2199,0.034
Onion,75,4175.13,442.25,102.51,42.352,0.033
Onion,80,4175.13,512.05,115.44,44.2641,0.0315
Onion,85,4175.13,611.7,134.4,44.1778,0.0351
Onion,90,4175.13,804.85,173.83,43.7966,0.036
Onion,95,4175.13,1251.88,280.15,45.2351,0.0409
Onion,100,4175.13,2594.22,781.66,50.9905,0.0415
Starwars,0,2061.29,231.06,88.07,43.3618,0.0468
Starwars,5,2061.29,282.24,89.14,43.6649,0.0474
Starwars,10,2061.29,404.1,96.88,44.1219,0.044
Starwars,15,2061.29,518.09,107.43,44.7163,0.0481
Starwars,20,2061.29,622.19,119.62,45.0238,0.0471
Starwars,25,2061.29,723.21,133.03,45.6931,0.0472
Starwars,30,2061.29,809.85,146.61,45.7832,0.0472
Starwars,35,2061.29,903.84,160.29,46.142,0.0482
Starwars,40,2061.29,963.75,172.4,46.2285,0.0472
Starwars,45,2061.29,1074.5,187.06,46.6806,0.0482
Starwars,50,2061.29,1127,199.93,46.7128,0.0457
Starwars,55,2061.29,1174.27,213.8,47.0761,0.0494
Starwars,60,2061.29,1294.45,230.91,47.4162,0.0473
Starwars,65,2061.29,1441.31,254.01,48.0396,0.049
Starwars,70,2061.29,1526.64,282.49,48.2286,0.0472
Starwars,75,2061.29,1626.16,317.14,48.296,0.0482
Starwars,80,2061.29,1974.29,374.48,49.5774,0.0481
Starwars,85,2061.29,2362.83,456,51.2818,0.0503
Starwars,90,2061.29,2791.35,605.26,51.8787,0.066
Starwars,95,2061.29,3934.89,979.58,53.6909,0.0634
Starwars,100,2061.29,6565.4,2441.28,60.6714,0.062
starwarsoriginal,0,578.6,54.83,22.89,20.2264,0.0151
starwarsoriginal,5,578.6,61.13,23,20.0704,0.0175
starwarsoriginal,10,578.6,73.52,24.42,20.1226,0.0214
starwarsoriginal,15,578.6,84.74,25.06,20.1865,0.0126
starwarsoriginal,20,578.6,94.63,25.95,20.31,0.0171
starwarsoriginal,25,578.6,104.56,27.25,20.3729,0.0128
starwarsoriginal,30,578.6,113.77,28.32,20.4728,0.0154
starwarsoriginal,35,578.6,122.55,29.21,20.3036,0.0195
starwarsoriginal,40,578.6,130.38,30.32,20.463,0.0202
starwarsoriginal,45,578.6,139.61,31.31,20.4961,0.0238
starwarsoriginal,50,578.6,147.35,32.61,20.4902,0.0201
starwarsoriginal,55,578.6,155.41,33.97,20.4612,0.0206
starwarsoriginal,60,578.6,165.86,35.35,20.5277,0.013
starwarsoriginal,65,578.6,180.96,37.49,20.5809,0.0272
starwarsoriginal,70,578.6,198.24,40.34,20.6128,0.0211
starwarsoriginal,75,578.6,219.18,43.88,20.7544,0.019
starwarsoriginal,80,578.6,254.71,50.22,20.8334,0.0247
starwarsoriginal,85,578.6,308.53,60.79,20.9698,0.0242
starwarsoriginal,90,578.6,419.96,83.45,21.2294,0.0272
starwarsoriginal,95,578.6,694.77,148.09,22.2484,0.013
starwarsoriginal,100,578.6,1557.18,499.53,26.3109,0.018
StarwarsRise,0,355.14,78.1,31.96,20.7649,0.0317
StarwarsRise,5,355.14,88.72,33.11,20.6616,0.0268
StarwarsRise,10,355.14,110.7,35.95,21.021,0.0287
StarwarsRise,15,355.14,131.25,38.45,20.9381,0.017
StarwarsRise,20,355.14,151.73,41.56,21.0731,0.0228
StarwarsRise,25,355.14,172.94,44.25,21.1885,0.017
StarwarsRise,30,355.14,187.89,46.89,21.0192,0.0255
StarwarsRise,35,355.14,204.58,50.43,21.264,0.0179
StarwarsRise,40,355.14,216.64,53.03,21.2944,0.016
StarwarsRise,45,355.14,232.03,56.27,21.2952,0.0317
StarwarsRise,50,355.14,242.92,59.34,21.5224,0.017
StarwarsRise,55,355.14,255.91,61.89,21.5343,0.0246
StarwarsRise,60,355.14,275.11,65.8,21.4063,0.0177
StarwarsRise,65,355.14,300.34,70.69,21.5308,0.0316
StarwarsRise,70,355.14,318.2,76.58,21.608,0.019
StarwarsRise,75,355.14,342.62,83.85,21.6481,0.0306
StarwarsRise,80,355.14,381.98,93.72,21.832,0.017
StarwarsRise,85,355.14,419.75,107.75,21.6981,0.017
StarwarsRise,90,355.14,485.13,134.46,21.8124,0.018
StarwarsRise,95,355.14,637.68,201.36,21.9004,0.0181
Tanks,100,1163.92,791.84,241.25,12.9294,0.008
Tanks,0,1163.92,30.31,13.5,10.1495,0.0191
Tanks,5,1163.92,33.2,13.5,10.2774,0
Tanks,10,1163.92,40.62,14.07,10.2075,0
Tanks,15,1163.92,48.42,14.32,10.2221,0.0082
Tanks,20,1163.92,55.67,14.83,10.512,0.0166
Tanks,25,1163.92,62.84,15.61,10.3251,0.0089
Tanks,30,1163.92,69.75,16.18,10.3175,0.0151
Tanks,35,1163.92,76.54,16.79,10.5304,0.0175
Tanks,40,1163.92,82.68,17.51,10.3372,0.0111
Tanks,45,1163.92,89.48,18.2,10.3855,0.0213
Tanks,50,1163.92,95.51,18.97,10.5015,0.007
Tanks,55,1163.92,101.8,19.75,10.6673,0.0153
Tanks,60,1163.92,109.92,20.74,10.4202,0.0199
Tanks,65,1163.92,120.91,22.18,10.5709,0.0129
Tanks,70,1163.92,134.13,24.12,10.5447,0.0169
Tanks,75,1163.92,149.86,26.55,10.7797,0.0154
Tanks,80,1163.92,174.77,30.8,12.6942,0.008
Tanks,85,1163.92,210.64,37.63,11.1668,0.004
Tanks,90,1163.92,276.49,51.29,11.6357,0.001
Tanks,95,1163.92,415.64,86.84,11.6115,0.0081
Tanks,100,1163.92,791.84,241.25,12.9294,0.008
WildFriday,0,1697.71,33.61,13.41,10.4066,0.0072
WildFriday,5,1697.71,39.24,13.48,10.4385,0.0079
WildFriday,10,1697.71,50.85,14.57,10.3489,0.0182
WildFriday,15,1697.71,61.85,15.34,10.4193,0.0094
WildFriday,20,1697.71,73.78,16.62,10.5219,0.0197
WildFriday,25,1697.71,85.86,17.65,10.4646,0.0107
WildFriday,30,1697.71,97.56,18.76,10.5383,0.0071
WildFriday,35,1697.71,109.35,20.06,10.7254,0.0133
WildFriday,40,1697.71,119.49,20.83,10.5801,0.0151
WildFriday,45,1697.71,131.55,22.14,10.5787,0.0177
WildFriday,50,1697.71,142.06,23.22,10.6893,0.0031
WildFriday,55,1697.71,153.33,24.39,10.6804,0.0107
WildFriday,60,1697.71,168.08,26.06,10.8958,0.0171
WildFriday,65,1697.71,187.1,27.89,10.8419,0.0216
WildFriday,70,1697.71,211.67,30.49,10.8847,0.0168
WildFriday,75,1697.71,241.15,33.91,11.0331,0.0041
WildFriday,80,1697.71,288.54,39.78,11.3366,0.0173
WildFriday,85,1697.71,357.09,48.68,11.4538,0.0064
WildFriday,90,1697.71,477.07,66.53,11.7938,0.0163
WildFriday,95,1697.71,721.12,117.19,12.5784,0.0156
WildFriday,100,1697.71,1344.52,353.61,14.661,0.01
